,TYPE,sample,MAPE,Accuracy%,RMSE,RMSE%,MAE,MAE%,type
0,,in_sample,0.30035201330477834,69.96479866952217,0.17535412754917282,38.409405493054,0.12479037403987031,27.3339678119819,time-window
1,,out_of_sample,0.23962973347012753,76.03702665298725,0.14432861160664875,26.83213936744108,0.12013041580162628,22.333451580915735,time-window
